,Truck_1_Arrival,Truck_2_Arrival,Truck_3_Arrival,Truck_4_Arrival,Truck_5_Arrival,Truck_6_Arrival,Truck_7_Arrival,Truck_8_Arrival,Truck_9_Arrival,Truck_10_Arrival,Truck_11_Arrival,Truck_12_Arrival,Truck_13_Arrival,Truck_14_Arrival,Truck_15_Arrival,Truck_1_Volume,Truck_2_Volume,Truck_3_Volume,Truck_4_Volume,Truck_5_Volume,Truck_6_Volume,Truck_7_Volume,Truck_8_Volume,Truck_9_Volume,Truck_10_Volume,Truck_11_Volume,Truck_12_Volume,Truck_13_Volume,Truck_14_Volume,Truck_15_Volume
0,52.44833724885135,119.07658787918025,95.06131448082847,123.07543673978518,47.940045977606786,180.85532173757005,194.89079535017805,233.84443191056567,202.3607787167881,241.34336873676736,250.8063986105004,936.1093082822836,942.6211396044473,964.2610591216516,870.3455642287774,675,565,891,222,190,986,116,759,331,1172,435,302,251,117,130
