,Truck_1_Arrival,Truck_2_Arrival,Truck_3_Arrival,Truck_4_Arrival,Truck_5_Arrival,Truck_6_Arrival,Truck_7_Arrival,Truck_8_Arrival,Truck_9_Arrival,Truck_10_Arrival,Truck_11_Arrival,Truck_12_Arrival,Truck_13_Arrival,Truck_14_Arrival,Truck_15_Arrival,Truck_1_Volume,Truck_2_Volume,Truck_3_Volume,Truck_4_Volume,Truck_5_Volume,Truck_6_Volume,Truck_7_Volume,Truck_8_Volume,Truck_9_Volume,Truck_10_Volume,Truck_11_Volume,Truck_12_Volume,Truck_13_Volume,Truck_14_Volume,Truck_15_Volume
0,59.29253890275633,109.20019718380655,108.79489937331226,124.85363849009093,103.16712452891093,132.6095388831232,191.62045501892655,217.95743637981047,286.181289984009,245.333925346341,166.0427642787878,935.9389796781411,926.1951263342635,1010.3245521383241,849.3713902444046,196,745,624,105,483,433,193,581,669,720,156,130,133,123,166
