,Truck_1_Arrival,Truck_2_Arrival,Truck_3_Arrival,Truck_4_Arrival,Truck_5_Arrival,Truck_6_Arrival,Truck_7_Arrival,Truck_8_Arrival,Truck_9_Arrival,Truck_10_Arrival,Truck_11_Arrival,Truck_12_Arrival,Truck_13_Arrival,Truck_14_Arrival,Truck_15_Arrival,Truck_1_Volume,Truck_2_Volume,Truck_3_Volume,Truck_4_Volume,Truck_5_Volume,Truck_6_Volume,Truck_7_Volume,Truck_8_Volume,Truck_9_Volume,Truck_10_Volume,Truck_11_Volume,Truck_12_Volume,Truck_13_Volume,Truck_14_Volume,Truck_15_Volume
0,53.501321664892544,25.040373840043202,91.2756593547379,119.72785603379947,119.6071292581288,134.75550498166757,184.9587772221284,204.05491656195318,233.536501494351,228.27458257446716,233.55017220626965,992.0011008451801,928.0619725190512,1002.0114354714777,933.0486167049911,295,589,475,271,231,644,141,422,1107,643,311,151,130,73,145
