,Truck_1_Arrival,Truck_2_Arrival,Truck_3_Arrival,Truck_4_Arrival,Truck_5_Arrival,Truck_6_Arrival,Truck_7_Arrival,Truck_8_Arrival,Truck_9_Arrival,Truck_10_Arrival,Truck_11_Arrival,Truck_12_Arrival,Truck_13_Arrival,Truck_14_Arrival,Truck_15_Arrival,Truck_1_Volume,Truck_2_Volume,Truck_3_Volume,Truck_4_Volume,Truck_5_Volume,Truck_6_Volume,Truck_7_Volume,Truck_8_Volume,Truck_9_Volume,Truck_10_Volume,Truck_11_Volume,Truck_12_Volume,Truck_13_Volume,Truck_14_Volume,Truck_15_Volume
0,43.78559605662228,75.84216704561476,143.78080405143297,95.62180291604405,129.02218550588594,160.83338454565,155.12650862838655,200.12178680658832,204.32276943301147,233.5005255929598,212.8831035377956,941.336711581865,954.1231116324786,1021.4836457515228,939.3862275592285,473,420,789,371,291,815,255,555,711,549,215,78,163,151,229
