,Truck_1_Arrival,Truck_2_Arrival,Truck_3_Arrival,Truck_4_Arrival,Truck_5_Arrival,Truck_6_Arrival,Truck_7_Arrival,Truck_8_Arrival,Truck_9_Arrival,Truck_10_Arrival,Truck_11_Arrival,Truck_12_Arrival,Truck_13_Arrival,Truck_14_Arrival,Truck_15_Arrival,Truck_1_Volume,Truck_2_Volume,Truck_3_Volume,Truck_4_Volume,Truck_5_Volume,Truck_6_Volume,Truck_7_Volume,Truck_8_Volume,Truck_9_Volume,Truck_10_Volume,Truck_11_Volume,Truck_12_Volume,Truck_13_Volume,Truck_14_Volume,Truck_15_Volume
0,53.22115721880413,91.7964836940026,59.381523548481084,87.67638036671292,85.78432235257051,197.20895640580375,133.65806912448852,234.0487418716359,238.93934810837928,232.3842074915405,219.7578624438231,922.296628666186,926.7461284930054,966.6007719550477,899.5005039237325,568,409,659,373,249,752,154,541,609,681,363,122,166,195,166
