,Truck_1_Arrival,Truck_2_Arrival,Truck_3_Arrival,Truck_4_Arrival,Truck_5_Arrival,Truck_6_Arrival,Truck_7_Arrival,Truck_8_Arrival,Truck_9_Arrival,Truck_10_Arrival,Truck_11_Arrival,Truck_12_Arrival,Truck_13_Arrival,Truck_14_Arrival,Truck_15_Arrival,Truck_1_Volume,Truck_2_Volume,Truck_3_Volume,Truck_4_Volume,Truck_5_Volume,Truck_6_Volume,Truck_7_Volume,Truck_8_Volume,Truck_9_Volume,Truck_10_Volume,Truck_11_Volume,Truck_12_Volume,Truck_13_Volume,Truck_14_Volume,Truck_15_Volume
0,90.62314821711459,98.50001026232056,96.827185558819,119.63511393930409,124.46948238237526,161.48938808661543,188.37580013259688,231.3389077404201,272.34266998229026,234.06162580397898,217.05544073793152,965.8066341859396,919.166681446681,978.9551675410866,883.1988814217941,279,557,488,375,271,1223,24,481,237,808,371,98,190,134,160
