,Truck_1_Arrival,Truck_2_Arrival,Truck_3_Arrival,Truck_4_Arrival,Truck_5_Arrival,Truck_6_Arrival,Truck_7_Arrival,Truck_8_Arrival,Truck_9_Arrival,Truck_10_Arrival,Truck_11_Arrival,Truck_12_Arrival,Truck_13_Arrival,Truck_14_Arrival,Truck_15_Arrival,Truck_1_Volume,Truck_2_Volume,Truck_3_Volume,Truck_4_Volume,Truck_5_Volume,Truck_6_Volume,Truck_7_Volume,Truck_8_Volume,Truck_9_Volume,Truck_10_Volume,Truck_11_Volume,Truck_12_Volume,Truck_13_Volume,Truck_14_Volume,Truck_15_Volume
0,35.65503441371985,95.86648716255279,74.14224452359586,126.03940317417631,121.42222482633555,152.4573884169989,164.54479959669428,238.52565406945092,216.2776798737067,225.75622957780638,232.37754581896075,951.7186803706851,976.4475104238958,955.9838506290808,908.2049629216539,427,540,586,382,455,805,71,255,721,716,104,219,143,213,137
