,Truck_1_Arrival,Truck_2_Arrival,Truck_3_Arrival,Truck_4_Arrival,Truck_5_Arrival,Truck_6_Arrival,Truck_7_Arrival,Truck_8_Arrival,Truck_9_Arrival,Truck_10_Arrival,Truck_11_Arrival,Truck_12_Arrival,Truck_13_Arrival,Truck_14_Arrival,Truck_15_Arrival,Truck_1_Volume,Truck_2_Volume,Truck_3_Volume,Truck_4_Volume,Truck_5_Volume,Truck_6_Volume,Truck_7_Volume,Truck_8_Volume,Truck_9_Volume,Truck_10_Volume,Truck_11_Volume,Truck_12_Volume,Truck_13_Volume,Truck_14_Volume,Truck_15_Volume
0,61.494926441453146,94.26228267836137,90.2482918757836,82.29130237797074,129.700930876579,163.8305749287451,137.1312636315101,195.67636213015788,224.64440308670237,218.62238145338637,198.43966974257992,970.8301313531448,860.4550614032162,950.3203874045187,851.3214341893604,319,533,543,250,410,311,114,693,350,654,344,156,203,94,32
