,Truck_1_Arrival,Truck_2_Arrival,Truck_3_Arrival,Truck_4_Arrival,Truck_5_Arrival,Truck_6_Arrival,Truck_7_Arrival,Truck_8_Arrival,Truck_9_Arrival,Truck_10_Arrival,Truck_11_Arrival,Truck_12_Arrival,Truck_13_Arrival,Truck_14_Arrival,Truck_15_Arrival,Truck_1_Volume,Truck_2_Volume,Truck_3_Volume,Truck_4_Volume,Truck_5_Volume,Truck_6_Volume,Truck_7_Volume,Truck_8_Volume,Truck_9_Volume,Truck_10_Volume,Truck_11_Volume,Truck_12_Volume,Truck_13_Volume,Truck_14_Volume,Truck_15_Volume
0,51.556171965133515,89.05270040939463,107.71926291101835,107.02075862974301,56.517896639137334,133.47216791767102,188.81086463142375,242.38648935988354,243.8965458116672,290.58009385913925,239.86059593973346,937.5964082440528,945.4616608263289,1006.379129078207,801.02998946347,395,158,763,323,338,721,286,266,546,615,506,125,196,5,96
